E	Correction
1.80	2.0000000000000000e-02
1.81	1.9952138762806382e-02
1.82	1.9904052392685771e-02
1.83	1.9855740889638179e-02
1.84	1.9807204253663599e-02
1.85	1.9758442484762027e-02
1.86	1.9709455582933470e-02
1.87	1.9660243548177924e-02
1.88	1.9610806380495397e-02
1.89	1.9561144079885875e-02
1.90	1.9511256646349371e-02
1.91	1.9461144079885875e-02
1.92	1.9410806380495395e-02
1.93	1.9360243548177922e-02
1.94	1.9309455582933472e-02
1.95	1.9258442484762030e-02
1.96	1.9207204253663596e-02
1.97	1.9155740889638177e-02
1.98	1.9104052392685769e-02
1.99	1.9052138762806380e-02
2.00	1.8999999999999996e-02
2.01	1.8947636104266630e-02
2.02	1.8895047075606269e-02
2.03	1.8842232914018930e-02
2.04	1.8789193619504603e-02
2.05	1.8735929192063280e-02
2.06	1.8682439631694976e-02
2.07	1.8628724938399684e-02
2.08	1.8574785112177410e-02
2.09	1.8520620153028137e-02
2.10	1.8466230060951883e-02
2.11	1.8411614835948640e-02
2.12	1.8356774478018412e-02
2.13	1.8301708987161200e-02
2.14	1.8246418363376989e-02
2.15	1.8190902606665796e-02
2.16	1.8135161717027618e-02
2.17	1.8079195694462452e-02
2.18	1.8023004538970298e-02
2.19	1.7966588250551158e-02
2.20	1.7909946829205031e-02
2.21	1.7853080274931911e-02
2.22	1.7795988587731806e-02
2.23	1.7738671767604717e-02
2.24	1.7681129814550636e-02
2.25	1.7623362728569573e-02
2.26	1.7563600881857083e-02
2.27	1.7500074646608736e-02
2.28	1.7432784022824530e-02
2.29	1.7361729010504472e-02
2.30	1.7286909609648547e-02
2.31	1.7208325820256772e-02
2.32	1.7125977642329138e-02
2.33	1.7039865075865641e-02
2.34	1.6949988120866285e-02
2.35	1.6856346777331083e-02
2.36	1.6758941045260010e-02
2.37	1.6657770924653086e-02
2.38	1.6552836415510305e-02
2.39	1.6444137517831664e-02
2.40	1.6331674231617167e-02
2.41	1.6215446556866808e-02
2.42	1.6095454493580588e-02
2.43	1.5971698041758520e-02
2.44	1.5844177201400592e-02
2.45	1.5712891972506800e-02
2.46	1.5577842355077150e-02
2.47	1.5439028349111652e-02
2.48	1.5296449954610289e-02
2.49	1.5150107171573068e-02
2.50	1.4999999999999986e-02
2.51	1.4846128439891053e-02
2.52	1.4688492491246263e-02
2.53	1.4527092154065609e-02
2.54	1.4361927428349096e-02
2.55	1.4192998314096733e-02
2.56	1.4020304811308512e-02
2.57	1.3843846919984425e-02
2.58	1.3663624640124479e-02
2.59	1.3479637971728686e-02
2.60	1.3291886914797031e-02
2.61	1.3100371469329514e-02
2.62	1.2905091635326138e-02
2.63	1.2706047412786910e-02
2.64	1.2503238801711827e-02
2.65	1.2296665802100877e-02
2.66	1.2086328413954071e-02
2.67	1.1872226637271412e-02
2.68	1.1654360472052898e-02
2.69	1.1432729918298516e-02
2.70	1.1207334976008274e-02
2.71	1.0978175645182187e-02
2.72	1.0745251925820242e-02
2.73	1.0508563817922428e-02
2.74	1.0268111321488756e-02
2.75	1.0023894436519236e-02
2.76	9.7796010893528556e-03
2.77	9.5389192063285999e-03
2.78	9.3018487874464775e-03
2.79	9.0683898327065023e-03
2.80	8.8385423421086587e-03
2.81	8.6123063156529431e-03
2.82	8.3896817533393592e-03
2.83	8.1706686551679206e-03
2.84	7.9552670211386171e-03
2.85	7.7434768512514391e-03
2.86	7.5352981455063944e-03
2.87	7.3307309039034943e-03
2.88	7.1297751264427292e-03
2.89	6.9324308131240887e-03
2.90	6.7386979639475833e-03
2.91	6.5485765789132224e-03
2.92	6.3620666580209940e-03
2.93	6.1791682012708928e-03
2.94	5.9998812086629267e-03
2.95	5.8242056801971025e-03
2.96	5.6521416158734124e-03
2.97	5.4836890156918505e-03
2.98	5.3188478796524228e-03
2.99	5.1576182077551378e-03
3.00	4.9999999999999871e-03
3.01	4.8459932563869627e-03
3.02	4.6955979769160742e-03
3.03	4.5488141615873260e-03
3.04	4.4056418104007128e-03
3.05	4.2660809233562285e-03
3.06	4.1301315004538784e-03
3.07	3.9977935416936694e-03
3.08	3.8690670470755946e-03
3.09	3.7439520165996483e-03
3.10	3.6224484502658375e-03
3.11	3.5045563480741661e-03
3.12	3.3902757100246288e-03
3.13	3.2796065361172218e-03
3.14	3.1725488263519498e-03
3.15	3.0691025807288168e-03
3.16	2.9692677992478184e-03
3.17	2.8730444819089498e-03
3.18	2.7804326287122162e-03
3.19	2.6914322396576216e-03
3.20	2.6060433147451607e-03
3.21	2.5242658539748313e-03
3.22	2.4460998573466366e-03
3.23	2.3715453248605795e-03
3.24	2.3006022565166570e-03
3.25	2.2332706523148665e-03
3.26	2.1683925820256676e-03
3.27	2.1048101154195224e-03
3.28	2.0425232524964271e-03
3.29	1.9815319932563790e-03
3.30	1.9218363376993816e-03
3.31	1.8634362858254365e-03
3.32	1.8063318376345416e-03
3.33	1.7505229931266946e-03
3.34	1.6960097523018979e-03
3.35	1.6427921151601535e-03
3.36	1.5908700817014595e-03
3.37	1.5402436519258134e-03
3.38	1.4909128258332174e-03
3.39	1.4428776034236736e-03
3.40	1.3961379846971803e-03
3.41	1.3506939696537347e-03
3.42	1.3065455582933398e-03
3.43	1.2636927506159969e-03
3.44	1.2221355466217041e-03
3.45	1.1818739463104598e-03
3.46	1.1429079496822654e-03
3.47	1.1052375567371232e-03
3.48	1.0688627674750311e-03
3.49	1.0337835818959875e-03
3.50	9.9999999999999417e-04
3.51	9.6751202178705265e-04
3.52	9.3631964725716097e-04
3.53	9.0642287641031838e-04
3.54	8.7782170924652597e-04
3.55	8.5051614576578491e-04
3.56	8.2450618596809403e-04
3.57	7.9979182985345223e-04
3.58	7.7637307742186071e-04
3.59	7.5424992867332034e-04
3.60	7.3342238360783014e-04
3.61	7.1389044222538924e-04
3.62	6.9565410452599851e-04
3.63	6.7871337050965882e-04
3.64	6.6306824017636930e-04
3.65	6.4871871352612919e-04
3.66	6.3566479055893936e-04
3.67	6.2390647127480046e-04
3.68	6.1344375567371141e-04
3.69	6.0427664375567230e-04
3.70	5.9640513552068337e-04
3.71	5.8982923096874494e-04
3.72	5.8454893009985667e-04
3.73	5.8056423291401836e-04
3.74	5.7787513941123033e-04
3.75	5.7648164959149257e-04
3.76	5.7564341849306174e-04
3.77	5.7462010115419512e-04
3.78	5.7341169757489283e-04
3.79	5.7201820775515475e-04
3.80	5.7043963169498089e-04
3.81	5.6867596939437146e-04
3.82	5.6672722085332602e-04
3.83	5.6459338607184502e-04
3.84	5.6227446504992823e-04
3.85	5.5977045778757588e-04
3.86	5.5708136428478730e-04
3.87	5.5420718454156337e-04
3.88	5.5114791855790377e-04
3.89	5.4790356633380838e-04
3.90	5.4447412786927689e-04
3.91	5.4085960316431004e-04
3.92	5.3705999221890729e-04
3.93	5.3307529503306909e-04
3.94	5.2890551160679456e-04
3.95	5.2455064194008479e-04
3.96	5.2001068603293912e-04
3.97	5.1528564388535788e-04
3.98	5.1037551549734043e-04
3.99	5.0528030086888752e-04
4.00	4.9999999999999914e-04
4.01	4.9453461289067477e-04
4.02	4.8888413954091428e-04
4.03	4.8304857995071855e-04
4.04	4.7702793412008704e-04
4.05	4.7082220204901996e-04
4.06	4.6443138373751633e-04
4.07	4.5785547918557768e-04
4.08	4.5109448839320324e-04
4.09	4.4414841136039302e-04
4.10	4.3701724808714658e-04
4.11	4.2970099857346495e-04
4.12	4.2219966281934764e-04
4.13	4.1451324082479444e-04
4.14	4.0664173258980491e-04
4.15	3.9858513811438030e-04
4.16	3.9034345739851997e-04
4.17	3.8191669044222400e-04
4.18	3.7330483724549139e-04
4.19	3.6450789780832386e-04
4.20	3.5552587213072049e-04
4.21	3.4635876021268155e-04
4.22	3.3700656205420596e-04
4.23	3.2746927765529550e-04
4.24	3.1774690701594932e-04
4.25	3.0783945013616729e-04
4.26	2.9774690701594878e-04
4.27	2.8746927765529529e-04
4.28	2.7700656205420613e-04
4.29	2.6635876021268123e-04
4.30	2.5552587213071963e-04
4.31	2.4450789780832327e-04
4.32	2.3330483724549108e-04
4.33	2.2191669044222326e-04
4.34	2.1034345739851865e-04
4.35	1.9858513811437929e-04
4.36	1.8664173258980425e-04
4.37	1.7451324082479346e-04
4.38	1.6219966281934585e-04
4.39	1.4970099857346351e-04
4.40	1.3701724808714549e-04
4.41	1.2414841136039175e-04
4.42	1.1109448839320110e-04
4.43	9.7855479185575880e-05
4.44	8.4431383737514900e-05
4.45	7.0822202049018203e-05
4.46	5.7027934120084528e-05
4.47	4.3048579950716342e-05
4.48	2.8884139540912435e-05
4.49	1.4534612890672784e-05
